{"cameraMode":{"drawMode":0,"name":"Shaded","section":"Shading Mode"},"sceneLighting":true,"audioPlay":false,"sceneViewState":{"m_AlwaysRefresh":false,"showFog":true,"showSkybox":true,"showFlares":true,"showImageEffects":true,"showParticleSystems":true,"showVisualEffectGraphs":true,"m_FxEnabled":true},"in2DMode":false,"pivot":{"x":0.013550003990530968,"y":-0.0040000006556510929,"z":0.6895999312400818},"rotation":{"x":0.10231748223304749,"y":0.047487132251262668,"z":-0.0048689208924770359,"w":0.9936462640762329},"size":0.03235563635826111,"orthographic":false}