{"cameraMode":{"drawMode":0,"name":"Shaded","section":"Shading Mode"},"sceneLighting":false,"audioPlay":false,"sceneViewState":{"m_AlwaysRefresh":false,"showFog":true,"showSkybox":false,"showFlares":true,"showImageEffects":true,"showParticleSystems":true,"showVisualEffectGraphs":true,"m_FxEnabled":true},"in2DMode":false,"pivot":{"x":-5.69000244140625,"y":-1.9975662231445313,"z":6.549302101135254},"rotation":{"x":-0.011105464771389962,"y":0.02759258821606636,"z":-0.0003068945661652833,"w":-0.9995635151863098},"size":0.4162885546684265,"orthographic":false}