{"cameraMode":{"drawMode":0,"name":"Shaded","section":"Shading Mode"},"sceneLighting":false,"audioPlay":false,"sceneViewState":{"m_AlwaysRefresh":false,"showFog":true,"showSkybox":false,"showFlares":true,"showImageEffects":true,"showParticleSystems":true,"showVisualEffectGraphs":true,"m_FxEnabled":true},"in2DMode":false,"pivot":{"x":0.03976000100374222,"y":0.020639998838305475,"z":-0.000999998301267624},"rotation":{"x":-0.26946523785591128,"y":-0.5004538893699646,"z":0.16740743815898896,"w":-0.805551290512085},"size":0.120149627327919,"orthographic":false}