{"cameraMode":{"drawMode":0,"name":"Shaded","section":"Shading Mode"},"sceneLighting":true,"audioPlay":false,"sceneViewState":{"m_AlwaysRefresh":false,"showFog":true,"showSkybox":true,"showFlares":true,"showImageEffects":true,"showParticleSystems":true,"showVisualEffectGraphs":true,"m_FxEnabled":true},"in2DMode":false,"pivot":{"x":0.0802578404545784,"y":0.0026708245277404787,"z":0.36740055680274966},"rotation":{"x":0.156814843416214,"y":0.024947818368673326,"z":-0.004000087268650532,"w":0.9873931407928467},"size":0.1286960393190384,"orthographic":false}