{"cameraMode":{"drawMode":0,"name":"Shaded","section":"Shading Mode"},"sceneLighting":false,"audioPlay":false,"sceneViewState":{"showFog":true,"showMaterialUpdate":false,"showSkybox":false,"showFlares":true,"showImageEffects":true,"showParticleSystems":true},"in2DMode":false,"pivot":{"x":0.43442273139953616,"y":0.0,"z":0.302018404006958},"rotation":{"x":-0.017955750226974489,"y":0.07157650589942932,"z":-0.0012574618449434639,"w":-0.9972915649414063},"size":0.252133846282959,"orthographic":true}