{"cameraMode":{"drawMode":0,"name":"Shaded","section":"Shading Mode"},"sceneLighting":false,"audioPlay":false,"sceneViewState":{"showFog":true,"showMaterialUpdate":false,"showSkybox":false,"showFlares":true,"showImageEffects":true,"showParticleSystems":true},"in2DMode":false,"pivot":{"x":-0.05290977656841278,"y":0.0,"z":0.293308287858963},"rotation":{"x":0.010476268827915192,"y":0.06303562223911286,"z":-0.0007328049978241324,"w":0.9979956150054932},"size":0.1134602278470993,"orthographic":true}