{"cameraMode":{"drawMode":0,"name":"Shaded","section":"Shading Mode"},"sceneLighting":false,"audioPlay":false,"sceneViewState":{"showFog":true,"showMaterialUpdate":false,"showSkybox":false,"showFlares":true,"showImageEffects":true,"showParticleSystems":true},"in2DMode":false,"pivot":{"x":-0.271820068359375,"y":0.7419357299804688,"z":3.9000000953674318},"rotation":{"x":0.0659569799900055,"y":-0.002917831065133214,"z":0.00010596340871416032,"w":0.997873842716217},"size":2.3240089416503908,"orthographic":false}