{"cameraMode":{"drawMode":0,"name":"Shaded","section":"Shading Mode"},"sceneLighting":false,"audioPlay":false,"sceneViewState":{"showFog":true,"showMaterialUpdate":false,"showSkybox":false,"showFlares":true,"showImageEffects":true,"showParticleSystems":true},"in2DMode":false,"pivot":{"x":4.410003662109375,"y":0.1399993896484375,"z":1.4199999570846558},"rotation":{"x":0.23901203274726869,"y":-0.1538560539484024,"z":0.03837443143129349,"w":0.9579893350601196},"size":2.4046835899353029,"orthographic":true}