{"cameraMode":{"drawMode":0,"name":"Shaded","section":"Shading Mode"},"sceneLighting":false,"audioPlay":false,"sceneViewState":{"showFog":true,"showMaterialUpdate":false,"showSkybox":false,"showFlares":true,"showImageEffects":true,"showParticleSystems":true},"in2DMode":false,"pivot":{"x":0.05050000548362732,"y":0.012600000947713852,"z":-0.007550023961812258},"rotation":{"x":0.03095806948840618,"y":-0.18624162673950196,"z":0.005801951512694359,"w":0.9820345044136047},"size":0.10078300535678864,"orthographic":true}