{"cameraMode":{"drawMode":0,"name":"Shaded","section":"Shading Mode"},"sceneLighting":false,"audioPlay":false,"sceneViewState":{"showFog":true,"showMaterialUpdate":false,"showSkybox":false,"showFlares":true,"showImageEffects":true,"showParticleSystems":true},"in2DMode":false,"pivot":{"x":-0.03200000524520874,"y":-0.004999999888241291,"z":-0.0009999996982514859},"rotation":{"x":-0.04495258256793022,"y":-0.03780488297343254,"z":0.001715726451948285,"w":-0.9982864260673523},"size":0.02789265476167202,"orthographic":true}