{"cameraMode":{"drawMode":0,"name":"Shaded","section":"Shading Mode"},"sceneLighting":false,"audioPlay":false,"sceneViewState":{"showFog":true,"showMaterialUpdate":false,"showSkybox":false,"showFlares":true,"showImageEffects":true,"showParticleSystems":true},"in2DMode":false,"pivot":{"x":9.529998779296875,"y":2.2100067138671877,"z":10.09000015258789},"rotation":{"x":-0.013498532585799694,"y":0.023002436384558679,"z":-0.0002857898944057524,"w":-0.9997344613075256},"size":1.281128168106079,"orthographic":false}