{"cameraMode":{"drawMode":0,"name":"Shaded","section":"Shading Mode"},"sceneLighting":false,"audioPlay":false,"sceneViewState":{"showFog":true,"showMaterialUpdate":false,"showSkybox":false,"showFlares":true,"showImageEffects":true,"showParticleSystems":true},"in2DMode":false,"pivot":{"x":-0.08026090264320374,"y":0.06959985196590424,"z":0.4147000014781952},"rotation":{"x":0.2890421152114868,"y":0.06861484050750733,"z":-0.02081010863184929,"w":0.9546517729759216},"size":0.0320880301296711,"orthographic":true}