{"cameraMode":{"drawMode":0,"name":"Shaded","section":"Shading Mode"},"sceneLighting":false,"audioPlay":false,"sceneViewState":{"showFog":true,"showMaterialUpdate":false,"showSkybox":false,"showFlares":true,"showImageEffects":true,"showParticleSystems":true},"in2DMode":false,"pivot":{"x":-0.17578507959842683,"y":0.0025689825415611269,"z":0.2506915330886841},"rotation":{"x":-0.15117813646793366,"y":-0.4211544990539551,"z":0.07145687192678452,"w":-0.8914668560028076},"size":0.0792677253484726,"orthographic":true}